Time,X,Y,Z,i,j,k,q,GX,GY,GZ
1.62,0.00,0.00,0.00,0.0000,0.0000,0.0000,0.0000,0.00,0.00,0.00
1.65,0.00,0.00,0.00,0.0000,0.0000,0.0000,0.0000,0.00,0.00,0.00
1.67,0.00,0.00,0.00,0.0000,0.0000,0.0000,0.0000,0.00,0.00,0.00
1.69,0.00,0.00,0.00,0.0000,0.0000,0.0000,0.0000,0.00,0.00,0.00
1.72,0.00,0.00,0.00,0.0000,0.0000,0.0000,0.0000,0.00,0.00,0.00
1.74,0.00,0.00,0.00,0.0000,0.0000,0.0000,0.0000,0.00,0.00,0.00
1.76,0.00,0.00,0.00,0.0000,0.0000,0.0000,0.0000,0.00,0.00,0.00
1.78,0.00,0.00,0.00,0.0000,0.0000,0.0000,0.0000,0.00,0.00,0.00
1.80,0.00,0.00,0.00,0.0000,0.0000,0.0000,0.0000,0.00,0.00,0.00
1.83,0.00,0.00,0.00,0.0000,0.0000,0.0000,0.0000,0.00,0.00,0.00
1.85,0.00,0.00,0.00,0.0000,0.0000,0.0000,0.0000,0.00,0.00,0.00
1.87,0.00,0.00,0.00,0.0000,0.0000,0.0000,0.0000,0.00,0.00,0.00
1.89,0.00,0.00,0.00,0.0000,0.0000,0.0000,0.0000,0.00,0.00,0.00
1.92,0.00,0.00,0.00,0.0000,0.0000,0.0000,0.0000,0.00,0.00,0.00
1.94,0.00,0.00,0.00,0.0000,0.0000,0.0000,0.0000,0.00,0.00,0.00
1.96,0.00,0.00,0.00,0.0000,0.0000,0.0000,0.0000,0.00,0.00,0.00
1.99,0.00,0.00,0.00,0.0000,0.0000,0.0000,0.0000,0.00,0.00,0.00
2.01,0.00,0.00,0.00,0.0000,0.0000,0.0000,0.0000,0.00,0.00,0.00
2.03,0.00,0.00,0.00,0.0000,0.0000,0.0000,0.0000,0.00,0.00,0.00
2.05,0.00,0.00,0.00,0.0000,0.0000,0.0000,0.0000,0.00,0.00,0.00
2.07,0.00,0.00,0.00,0.0000,0.0000,0.0000,0.0000,0.00,0.00,0.00
2.10,0.00,0.00,0.00,0.0000,0.0000,0.0000,0.0000,0.00,0.00,0.00
2.12,0.00,0.00,0.00,0.0000,0.0000,0.0000,0.0000,0.00,0.00,0.00
2.14,46.13,65.25,83.81,0.6649,-0.4652,-0.5112,-0.2834,8.90,-4.07,0.43
2.17,46.19,65.25,83.87,0.6646,-0.4653,-0.5112,-0.2838,8.91,-4.06,0.43
2.19,46.31,65.31,83.81,0.6644,-0.4653,-0.5110,-0.2842,8.91,-4.06,0.43
2.21,46.31,65.31,83.81,0.6645,-0.4653,-0.5110,-0.2843,8.91,-4.06,0.43
2.24,46.31,65.31,83.87,0.6643,-0.4652,-0.5113,-0.2844,8.91,-4.06,0.43
2.26,46.31,65.31,84.00,0.6638,-0.4651,-0.5120,-0.2843,8.91,-4.07,0.42
2.28,46.38,65.31,84.25,0.6633,-0.4652,-0.5125,-0.2844,8.91,-4.07,0.40
2.31,46.44,65.31,84.31,0.6630,-0.4653,-0.5128,-0.2845,8.91,-4.07,0.40
2.33,46.44,65.31,84.31,0.6630,-0.4653,-0.5128,-0.2847,8.91,-4.07,0.40
2.35,46.44,65.31,84.12,0.6633,-0.4650,-0.5125,-0.2849,8.91,-4.06,0.41
2.37,46.50,65.31,84.06,0.6633,-0.4648,-0.5124,-0.2852,8.91,-4.06,0.41
2.40,46.56,65.37,84.06,0.6631,-0.4648,-0.5126,-0.2855,8.91,-4.06,0.41
2.42,46.56,65.37,84.25,0.6627,-0.4649,-0.5130,-0.2855,8.91,-4.06,0.40
2.45,46.63,65.37,84.44,0.6622,-0.4650,-0.5135,-0.2856,8.91,-4.06,0.39
2.47,46.63,65.37,84.50,0.6620,-0.4650,-0.5137,-0.2857,8.91,-4.06,0.39
2.49,46.69,65.37,84.50,0.6620,-0.4648,-0.5137,-0.2858,8.91,-4.06,0.39
2.52,46.69,65.37,84.44,0.6621,-0.4647,-0.5137,-0.2859,8.91,-4.06,0.39
2.54,46.69,65.37,84.37,0.6622,-0.4646,-0.5136,-0.2861,8.91,-4.06,0.39
2.56,46.75,65.37,84.31,0.6620,-0.4647,-0.5135,-0.2865,8.91,-4.05,0.39
2.58,46.81,65.44,84.44,0.6616,-0.4648,-0.5139,-0.2867,8.92,-4.05,0.39
2.61,46.88,65.44,84.56,0.6613,-0.4648,-0.5142,-0.2868,8.92,-4.05,0.38
2.63,46.88,65.44,84.69,0.6609,-0.4648,-0.5145,-0.2868,8.92,-4.05,0.37
2.66,46.88,65.44,84.62,0.6610,-0.4647,-0.5146,-0.2869,8.92,-4.05,0.37
2.68,46.94,65.44,84.56,0.6612,-0.4644,-0.5145,-0.2871,8.91,-4.05,0.38
2.70,46.94,65.44,84.56,0.6612,-0.4644,-0.5145,-0.2872,8.92,-4.05,0.38
2.73,47.00,65.44,84.56,0.6610,-0.4644,-0.5146,-0.2875,8.92,-4.05,0.38
2.75,47.06,65.50,84.62,0.6606,-0.4645,-0.5148,-0.2877,8.92,-4.04,0.37
2.77,47.06,65.50,84.75,0.6602,-0.4647,-0.5152,-0.2878,8.92,-4.04,0.36
2.79,47.06,65.50,84.81,0.6601,-0.4646,-0.5154,-0.2878,8.92,-4.04,0.36
2.82,47.06,65.44,84.81,0.6602,-0.4644,-0.5154,-0.2878,8.92,-4.05,0.36
2.84,47.13,65.44,84.75,0.6603,-0.4642,-0.5153,-0.2880,8.92,-4.05,0.37
2.87,47.13,65.50,84.69,0.6603,-0.4641,-0.5153,-0.2883,8.92,-4.04,0.37
2.89,47.19,65.50,84.69,0.6602,-0.4641,-0.5153,-0.2885,8.92,-4.04,0.37
2.91,47.25,65.50,84.81,0.6598,-0.4643,-0.5156,-0.2886,8.92,-4.04,0.36
2.94,47.25,65.50,84.87,0.6596,-0.4643,-0.5157,-0.2888,8.92,-4.04,0.36
2.96,47.25,65.50,84.87,0.6595,-0.4642,-0.5158,-0.2888,8.92,-4.04,0.36
2.98,47.25,65.50,84.81,0.6597,-0.4641,-0.5157,-0.2889,8.92,-4.04,0.36
3.01,47.25,65.50,84.81,0.6597,-0.4641,-0.5157,-0.2889,8.92,-4.04,0.36
3.03,47.31,65.50,84.81,0.6596,-0.4641,-0.5158,-0.2890,8.92,-4.04,0.36
3.06,47.31,65.56,84.87,0.6593,-0.4641,-0.5161,-0.2892,8.92,-4.04,0.35
3.08,47.38,65.56,84.94,0.6591,-0.4641,-0.5162,-0.2892,8.92,-4.04,0.35
3.10,47.38,65.56,85.00,0.6590,-0.4641,-0.5164,-0.2894,8.92,-4.04,0.35
3.12,47.38,65.56,84.94,0.6591,-0.4639,-0.5164,-0.2894,8.92,-4.04,0.35
3.15,47.38,65.56,84.87,0.6591,-0.4638,-0.5163,-0.2896,8.92,-4.04,0.35
3.17,47.38,65.56,84.87,0.6592,-0.4638,-0.5163,-0.2896,8.92,-4.04,0.35
3.19,47.44,65.56,84.87,0.6590,-0.4637,-0.5165,-0.2897,8.92,-4.04,0.35
3.22,47.44,65.56,85.00,0.6588,-0.4638,-0.5167,-0.2897,8.92,-4.04,0.35
3.24,47.50,65.56,85.06,0.6585,-0.4639,-0.5169,-0.2898,8.92,-4.03,0.34
3.26,47.50,65.56,85.12,0.6583,-0.4639,-0.5171,-0.2899,8.92,-4.03,0.34
3.29,47.50,65.56,85.06,0.6584,-0.4637,-0.5170,-0.2900,8.92,-4.03,0.34
3.31,47.50,65.56,85.00,0.6586,-0.4636,-0.5170,-0.2901,8.92,-4.03,0.35
3.33,47.56,65.56,85.00,0.6584,-0.4636,-0.5170,-0.2903,8.93,-4.03,0.35
3.36,47.56,65.56,85.06,0.6583,-0.4636,-0.5171,-0.2904,8.93,-4.03,0.34
3.38,47.63,65.56,85.12,0.6580,-0.4637,-0.5173,-0.2905,8.93,-4.03,0.34
3.40,47.63,65.56,85.19,0.6578,-0.4637,-0.5176,-0.2905,8.93,-4.03,0.33
3.42,47.63,65.56,85.25,0.6578,-0.4636,-0.5176,-0.2905,8.93,-4.03,0.33
3.45,47.63,65.56,85.19,0.6578,-0.4636,-0.5176,-0.2906,8.93,-4.03,0.33
3.47,47.63,65.56,85.19,0.6578,-0.4636,-0.5176,-0.2906,8.93,-4.03,0.33
3.49,47.69,65.56,85.19,0.6577,-0.4636,-0.5176,-0.2908,8.93,-4.03,0.33
3.52,47.69,65.62,85.19,0.6577,-0.4636,-0.5176,-0.2909,8.93,-4.03,0.33
3.54,47.69,65.62,85.25,0.6576,-0.4636,-0.5177,-0.2910,8.93,-4.03,0.33
3.57,47.69,65.62,85.25,0.6574,-0.4636,-0.5179,-0.2910,8.93,-4.03,0.33
3.59,47.75,65.62,85.31,0.6573,-0.4636,-0.5180,-0.2911,8.93,-4.03,0.32
3.61,47.75,65.62,85.31,0.6572,-0.4635,-0.5181,-0.2911,8.93,-4.03,0.32
3.63,47.75,65.62,85.31,0.6572,-0.4635,-0.5181,-0.2911,8.93,-4.03,0.32
3.66,47.75,65.62,85.31,0.6572,-0.4635,-0.5182,-0.2912,8.93,-4.03,0.32
3.68,47.81,65.62,85.37,0.6571,-0.4634,-0.5182,-0.2913,8.93,-4.03,0.32
3.71,47.81,65.62,85.37,0.6570,-0.4634,-0.5183,-0.2913,8.93,-4.03,0.32
3.73,47.81,65.62,85.37,0.6570,-0.4634,-0.5184,-0.2914,8.93,-4.03,0.32
3.75,47.81,65.62,85.37,0.6569,-0.4634,-0.5185,-0.2914,8.93,-4.03,0.32
3.77,47.81,65.62,85.37,0.6569,-0.4634,-0.5185,-0.2914,8.93,-4.03,0.32
3.80,47.81,65.62,85.37,0.6569,-0.4633,-0.5185,-0.2915,8.93,-4.03,0.32
3.82,47.88,65.62,85.44,0.6568,-0.4633,-0.5186,-0.2916,8.93,-4.03,0.32
3.85,47.88,65.62,85.44,0.6567,-0.4633,-0.5187,-0.2916,8.93,-4.03,0.31
3.87,47.88,65.62,85.50,0.6565,-0.4633,-0.5190,-0.2917,8.93,-4.03,0.31
3.89,47.88,65.62,85.50,0.6565,-0.4633,-0.5190,-0.2917,8.93,-4.03,0.31
3.91,47.88,65.62,85.50,0.6565,-0.4632,-0.5190,-0.2917,8.93,-4.03,0.31
3.94,47.88,65.62,85.44,0.6566,-0.4631,-0.5189,-0.2919,8.93,-4.03,0.32
3.96,47.88,65.62,85.44,0.6566,-0.4631,-0.5189,-0.2919,8.93,-4.03,0.32
3.98,47.94,65.62,85.44,0.6566,-0.4630,-0.5190,-0.2919,8.93,-4.03,0.31
4.01,47.94,65.62,85.50,0.6563,-0.4631,-0.5192,-0.2919,8.93,-4.03,0.31
4.03,47.94,65.62,85.56,0.6562,-0.4630,-0.5193,-0.2921,8.93,-4.03,0.31
4.05,47.94,65.62,85.56,0.6562,-0.4630,-0.5193,-0.2921,8.93,-4.03,0.31
4.08,47.94,65.62,85.50,0.6562,-0.4630,-0.5193,-0.2921,8.93,-4.03,0.31
4.10,47.94,65.62,85.50,0.6562,-0.4630,-0.5193,-0.2921,8.93,-4.03,0.31
4.12,47.94,65.62,85.50,0.6562,-0.4630,-0.5193,-0.2921,8.93,-4.03,0.31
4.14,47.94,65.62,85.50,0.6562,-0.4629,-0.5193,-0.2921,8.93,-4.03,0.31
4.17,48.00,65.62,85.56,0.6561,-0.4628,-0.5195,-0.2922,8.93,-4.03,0.31
4.20,48.00,65.62,85.56,0.6560,-0.4628,-0.5197,-0.2923,8.93,-4.03,0.30
4.22,48.00,65.62,85.56,0.6559,-0.4627,-0.5198,-0.2924,8.93,-4.03,0.30
4.24,48.06,65.62,85.62,0.6559,-0.4627,-0.5198,-0.2924,8.93,-4.03,0.30
4.26,48.06,65.62,85.62,0.6559,-0.4627,-0.5198,-0.2924,8.93,-4.03,0.30
4.29,48.06,65.62,85.56,0.6559,-0.4627,-0.5198,-0.2925,8.93,-4.03,0.30
4.31,48.06,65.62,85.56,0.6559,-0.4627,-0.5198,-0.2925,8.93,-4.03,0.30
4.33,48.06,65.62,85.62,0.6558,-0.4626,-0.5199,-0.2925,8.93,-4.03,0.30
4.36,48.06,65.62,85.69,0.6557,-0.4627,-0.5200,-0.2925,8.93,-4.03,0.30
4.38,48.06,65.62,85.69,0.6556,-0.4626,-0.5201,-0.2926,8.93,-4.03,0.30
4.40,48.06,65.62,85.62,0.6557,-0.4626,-0.5200,-0.2927,8.93,-4.03,0.30
4.42,48.06,65.62,85.62,0.6558,-0.4625,-0.5200,-0.2927,8.93,-4.03,0.30
4.45,48.06,65.62,85.56,0.6558,-0.4625,-0.5200,-0.2927,8.93,-4.03,0.30
4.47,48.13,65.62,85.62,0.6556,-0.4625,-0.5201,-0.2928,8.93,-4.03,0.30
4.49,48.13,65.62,85.69,0.6555,-0.4625,-0.5203,-0.2928,8.93,-4.03,0.30
4.52,48.13,65.62,85.69,0.6554,-0.4625,-0.5204,-0.2929,8.93,-4.03,0.30
4.54,48.13,65.62,85.69,0.6555,-0.4623,-0.5204,-0.2930,8.93,-4.03,0.30
4.56,48.13,65.62,85.69,0.6555,-0.4623,-0.5204,-0.2930,8.93,-4.03,0.30
4.59,48.13,65.62,85.69,0.6555,-0.4623,-0.5204,-0.2930,8.93,-4.03,0.30
4.61,48.13,65.62,85.69,0.6554,-0.4623,-0.5204,-0.2930,8.93,-4.03,0.30
4.63,48.13,65.62,85.69,0.6553,-0.4623,-0.5205,-0.2930,8.93,-4.03,0.30
4.65,48.19,65.62,85.69,0.6553,-0.4623,-0.5206,-0.2931,8.93,-4.03,0.29
4.68,48.19,65.62,85.69,0.6553,-0.4623,-0.5206,-0.2931,8.93,-4.03,0.29
4.70,48.19,65.62,85.69,0.6553,-0.4623,-0.5206,-0.2931,8.93,-4.03,0.29
4.72,48.19,65.62,85.69,0.6553,-0.4623,-0.5206,-0.2931,8.93,-4.03,0.29
4.75,48.19,65.62,85.69,0.6553,-0.4623,-0.5206,-0.2931,8.93,-4.03,0.29
4.77,48.19,65.62,85.69,0.6553,-0.4623,-0.5206,-0.2931,8.93,-4.03,0.29
4.79,48.19,65.62,85.69,0.6553,-0.4623,-0.5206,-0.2931,8.93,-4.03,0.29
4.82,48.19,65.62,85.75,0.6552,-0.4623,-0.5207,-0.2932,8.93,-4.03,0.29
4.84,48.19,65.62,85.75,0.6552,-0.4622,-0.5208,-0.2932,8.93,-4.03,0.29
4.86,48.19,65.62,85.75,0.6552,-0.4622,-0.5208,-0.2932,8.93,-4.03,0.29
4.89,48.19,65.62,85.75,0.6552,-0.4622,-0.5208,-0.2932,8.93,-4.03,0.29
4.91,48.19,65.62,85.75,0.6552,-0.4622,-0.5208,-0.2932,8.93,-4.03,0.29
4.93,48.19,65.62,85.75,0.6550,-0.4622,-0.5209,-0.2933,8.93,-4.03,0.29
4.95,48.19,65.62,85.81,0.6549,-0.4622,-0.5210,-0.2932,8.93,-4.03,0.29
4.98,48.25,65.62,85.87,0.6548,-0.4622,-0.5211,-0.2933,8.93,-4.03,0.28
5.00,48.25,65.62,85.87,0.6548,-0.4622,-0.5211,-0.2933,8.93,-4.03,0.28
5.03,48.25,65.62,85.81,0.6548,-0.4622,-0.5211,-0.2933,8.93,-4.03,0.29
5.05,48.25,65.62,85.81,0.6548,-0.4622,-0.5211,-0.2934,8.93,-4.03,0.29
5.07,48.25,65.62,85.81,0.6548,-0.4622,-0.5211,-0.2934,8.93,-4.03,0.29
5.09,48.25,65.62,85.81,0.6548,-0.4622,-0.5211,-0.2934,8.93,-4.03,0.29
5.12,48.25,65.62,85.81,0.6548,-0.4622,-0.5211,-0.2934,8.93,-4.03,0.29
5.14,48.25,65.62,85.81,0.6548,-0.4622,-0.5211,-0.2935,8.93,-4.03,0.29
5.16,48.25,65.62,85.87,0.6547,-0.4622,-0.5212,-0.2936,8.93,-4.03,0.29
5.19,48.25,65.62,85.81,0.6548,-0.4620,-0.5211,-0.2935,8.93,-4.03,0.29
5.21,48.25,65.62,85.75,0.6550,-0.4619,-0.5211,-0.2935,8.93,-4.03,0.29
5.23,48.25,65.62,85.81,0.6549,-0.4619,-0.5212,-0.2935,8.93,-4.03,0.29
5.25,48.25,65.62,85.81,0.6547,-0.4620,-0.5212,-0.2936,8.93,-4.03,0.29
5.28,48.31,65.62,85.87,0.6545,-0.4621,-0.5214,-0.2937,8.93,-4.03,0.28
5.30,48.31,65.62,85.94,0.6544,-0.4621,-0.5215,-0.2938,8.93,-4.03,0.28
5.32,48.31,65.62,85.94,0.6544,-0.4621,-0.5214,-0.2938,8.93,-4.03,0.28
5.35,48.31,65.62,85.87,0.6545,-0.4620,-0.5214,-0.2939,8.93,-4.03,0.29
5.37,48.31,65.62,85.81,0.6545,-0.4619,-0.5214,-0.2939,8.93,-4.03,0.29
5.39,48.31,65.62,85.87,0.6545,-0.4619,-0.5214,-0.2939,8.93,-4.03,0.28
5.42,48.38,65.62,85.94,0.6543,-0.4620,-0.5216,-0.2939,8.93,-4.03,0.28
5.44,48.38,65.62,85.94,0.6542,-0.4620,-0.5217,-0.2940,8.93,-4.03,0.28
5.46,48.38,65.62,85.94,0.6542,-0.4620,-0.5217,-0.2940,8.93,-4.03,0.28
5.49,48.38,65.62,85.94,0.6542,-0.4619,-0.5217,-0.2940,8.93,-4.03,0.28
5.51,48.38,65.62,85.94,0.6543,-0.4619,-0.5217,-0.2941,8.93,-4.03,0.28
5.53,48.38,65.62,85.94,0.6543,-0.4619,-0.5217,-0.2941,8.93,-4.03,0.28
5.56,48.38,65.62,85.94,0.6542,-0.4619,-0.5217,-0.2941,8.93,-4.03,0.28
5.58,48.38,65.62,86.00,0.6541,-0.4619,-0.5219,-0.2941,8.93,-4.03,0.27
5.60,48.38,65.62,86.06,0.6539,-0.4620,-0.5220,-0.2941,8.93,-4.03,0.27
5.62,48.38,65.62,86.06,0.6539,-0.4620,-0.5221,-0.2941,8.93,-4.03,0.27
5.65,48.38,65.62,86.06,0.6539,-0.4619,-0.5220,-0.2941,8.93,-4.03,0.27
5.67,48.44,65.62,86.00,0.6540,-0.4618,-0.5220,-0.2943,8.93,-4.03,0.28
5.70,48.44,65.62,86.00,0.6540,-0.4618,-0.5220,-0.2943,8.93,-4.03,0.28
5.72,48.44,65.62,86.00,0.6540,-0.4618,-0.5220,-0.2943,8.93,-4.03,0.28
5.74,48.44,65.62,86.00,0.6540,-0.4617,-0.5220,-0.2943,8.93,-4.03,0.27
5.76,48.44,65.62,86.00,0.6539,-0.4618,-0.5221,-0.2943,8.93,-4.03,0.27
5.79,48.44,65.62,86.00,0.6539,-0.4618,-0.5221,-0.2943,8.93,-4.03,0.27
5.81,48.44,65.62,86.00,0.6539,-0.4618,-0.5221,-0.2943,8.93,-4.03,0.27
5.84,48.44,65.62,86.00,0.6539,-0.4618,-0.5221,-0.2943,8.93,-4.03,0.27
5.86,48.44,65.62,86.00,0.6539,-0.4618,-0.5221,-0.2943,8.93,-4.03,0.27
5.88,48.44,65.62,86.00,0.6539,-0.4617,-0.5222,-0.2943,8.93,-4.03,0.27
5.91,48.44,65.62,86.06,0.6538,-0.4618,-0.5222,-0.2943,8.93,-4.03,0.27
5.93,48.44,65.62,86.06,0.6537,-0.4618,-0.5223,-0.2943,8.93,-4.03,0.27
5.95,48.44,65.62,86.06,0.6537,-0.4618,-0.5223,-0.2943,8.93,-4.03,0.27
5.98,48.44,65.62,86.06,0.6537,-0.4618,-0.5223,-0.2943,8.93,-4.03,0.27
6.00,48.44,65.62,86.06,0.6537,-0.4618,-0.5223,-0.2943,8.93,-4.03,0.27
6.03,48.44,65.62,86.06,0.6537,-0.4618,-0.5223,-0.2943,8.93,-4.03,0.27
6.05,48.44,65.62,86.12,0.6536,-0.4618,-0.5224,-0.2943,8.93,-4.03,0.27
6.07,48.44,65.62,86.12,0.6535,-0.4619,-0.5225,-0.2943,8.93,-4.03,0.26
6.09,48.44,65.62,86.12,0.6535,-0.4619,-0.5225,-0.2943,8.93,-4.03,0.26
6.12,48.44,65.62,86.12,0.6535,-0.4619,-0.5225,-0.2943,8.93,-4.03,0.26
6.14,48.44,65.62,86.12,0.6535,-0.4619,-0.5225,-0.2943,8.93,-4.03,0.26
6.16,48.44,65.62,86.12,0.6535,-0.4619,-0.5225,-0.2943,8.93,-4.03,0.26
6.19,48.44,65.62,86.19,0.6535,-0.4618,-0.5225,-0.2944,8.93,-4.03,0.26
6.21,48.50,65.62,86.19,0.6534,-0.4618,-0.5226,-0.2944,8.93,-4.03,0.26
6.23,48.50,65.62,86.19,0.6534,-0.4618,-0.5226,-0.2944,8.93,-4.03,0.26
6.26,48.50,65.62,86.19,0.6534,-0.4618,-0.5226,-0.2944,8.93,-4.03,0.26
6.28,48.50,65.62,86.12,0.6535,-0.4617,-0.5226,-0.2944,8.93,-4.03,0.26
6.30,48.50,65.62,86.12,0.6535,-0.4617,-0.5226,-0.2944,8.93,-4.03,0.26
6.33,48.50,65.62,86.12,0.6535,-0.4617,-0.5226,-0.2944,8.93,-4.03,0.26
6.35,48.50,65.62,86.19,0.6533,-0.4619,-0.5227,-0.2944,8.93,-4.03,0.26
6.37,48.50,65.62,86.25,0.6533,-0.4619,-0.5228,-0.2944,8.93,-4.03,0.26
6.40,48.50,65.62,86.25,0.6533,-0.4619,-0.5228,-0.2944,8.93,-4.03,0.26
6.42,48.50,65.62,86.25,0.6533,-0.4619,-0.5228,-0.2944,8.93,-4.03,0.26
6.44,48.50,65.62,86.25,0.6533,-0.4619,-0.5228,-0.2944,8.93,-4.03,0.26
6.46,48.50,65.62,86.25,0.6532,-0.4618,-0.5228,-0.2944,8.93,-4.03,0.26
6.49,48.50,65.62,86.25,0.6532,-0.4618,-0.5228,-0.2944,8.93,-4.03,0.26
6.51,48.50,65.62,86.25,0.6532,-0.4618,-0.5228,-0.2944,8.93,-4.03,0.26
6.53,48.50,65.62,86.25,0.6532,-0.4618,-0.5228,-0.2944,8.93,-4.03,0.26
6.55,48.50,65.62,86.25,0.6531,-0.4618,-0.5229,-0.2945,8.93,-4.03,0.26
6.58,48.50,65.62,86.31,0.6530,-0.4619,-0.5230,-0.2944,8.93,-4.03,0.25
6.60,48.50,65.62,86.37,0.6529,-0.4619,-0.5231,-0.2944,8.93,-4.03,0.25
6.62,48.50,65.62,86.37,0.6529,-0.4619,-0.5231,-0.2944,8.93,-4.03,0.25
6.65,48.50,65.62,86.31,0.6530,-0.4617,-0.5231,-0.2944,8.93,-4.03,0.25
6.67,48.50,65.62,86.31,0.6531,-0.4617,-0.5231,-0.2945,8.93,-4.03,0.25
6.70,48.56,65.62,86.31,0.6530,-0.4617,-0.5231,-0.2947,8.93,-4.03,0.25
6.72,48.63,65.69,86.31,0.6528,-0.4619,-0.5231,-0.2950,8.93,-4.02,0.25
6.74,48.63,65.69,86.31,0.6527,-0.4619,-0.5230,-0.2951,8.94,-4.02,0.25
6.76,48.63,65.69,86.31,0.6527,-0.4619,-0.5230,-0.2951,8.94,-4.02,0.25
6.79,48.63,65.69,86.31,0.6527,-0.4619,-0.5230,-0.2950,8.93,-4.02,0.25
6.81,48.63,65.69,86.37,0.6526,-0.4619,-0.5232,-0.2949,8.93,-4.02,0.25
6.83,48.63,65.69,86.37,0.6526,-0.4619,-0.5233,-0.2949,8.93,-4.02,0.25
6.86,48.63,65.69,86.37,0.6526,-0.4619,-0.5233,-0.2949,8.93,-4.02,0.25
6.88,48.63,65.69,86.37,0.6525,-0.4620,-0.5232,-0.2951,8.94,-4.02,0.25
6.91,48.63,65.69,86.37,0.6525,-0.4620,-0.5232,-0.2951,8.94,-4.02,0.25
6.93,48.63,65.69,86.37,0.6525,-0.4620,-0.5232,-0.2951,8.94,-4.02,0.25
6.95,48.63,65.69,86.37,0.6525,-0.4619,-0.5233,-0.2950,8.93,-4.02,0.25
6.97,48.56,65.69,86.37,0.6526,-0.4618,-0.5234,-0.2948,8.93,-4.02,0.25
7.00,48.56,65.69,86.37,0.6526,-0.4618,-0.5234,-0.2948,8.93,-4.02,0.25
7.02,48.63,65.69,86.44,0.6525,-0.4619,-0.5234,-0.2949,8.93,-4.02,0.24
7.04,48.63,65.69,86.56,0.6522,-0.4620,-0.5237,-0.2950,8.93,-4.02,0.24
7.07,48.63,65.69,86.56,0.6522,-0.4620,-0.5237,-0.2949,8.93,-4.02,0.24
7.09,48.63,65.69,86.44,0.6525,-0.4618,-0.5236,-0.2948,8.93,-4.02,0.24
7.11,48.63,65.62,86.37,0.6526,-0.4617,-0.5234,-0.2949,8.93,-4.02,0.25
7.14,48.63,65.69,86.37,0.6525,-0.4619,-0.5233,-0.2951,8.93,-4.02,0.25
7.16,48.69,65.75,86.44,0.6523,-0.4620,-0.5233,-0.2953,8.94,-4.01,0.24
7.18,48.69,65.75,86.50,0.6521,-0.4621,-0.5236,-0.2952,8.94,-4.02,0.24
7.21,48.69,65.69,86.62,0.6519,-0.4622,-0.5239,-0.2950,8.93,-4.02,0.23
7.23,48.63,65.69,86.69,0.6519,-0.4621,-0.5240,-0.2948,8.93,-4.02,0.23
7.25,48.63,65.62,86.62,0.6520,-0.4619,-0.5240,-0.2947,8.93,-4.03,0.23
7.28,48.63,65.69,86.44,0.6523,-0.4617,-0.5237,-0.2950,8.93,-4.02,0.24
7.30,48.69,65.69,86.37,0.6523,-0.4617,-0.5235,-0.2953,8.93,-4.02,0.25
7.32,48.69,65.69,86.44,0.6523,-0.4617,-0.5235,-0.2954,8.93,-4.02,0.25
7.34,48.69,65.69,86.50,0.6519,-0.4619,-0.5239,-0.2953,8.94,-4.02,0.23
7.37,48.69,65.69,86.69,0.6516,-0.4621,-0.5242,-0.2951,8.93,-4.02,0.22
7.39,48.69,65.69,86.69,0.6517,-0.4620,-0.5243,-0.2949,8.93,-4.02,0.23
7.42,48.63,65.62,86.56,0.6520,-0.4617,-0.5240,-0.2950,8.93,-4.03,0.23
7.44,48.63,65.62,86.50,0.6522,-0.4616,-0.5239,-0.2950,8.93,-4.03,0.24
7.46,48.69,65.69,86.50,0.6520,-0.4617,-0.5239,-0.2953,8.94,-4.02,0.23
7.49,48.75,65.69,86.62,0.6516,-0.4620,-0.5242,-0.2954,8.94,-4.02,0.23
7.51,48.69,65.69,86.69,0.6516,-0.4620,-0.5243,-0.2952,8.93,-4.02,0.22
7.53,48.69,65.69,86.69,0.6516,-0.4620,-0.5243,-0.2952,8.93,-4.02,0.22
7.56,48.69,65.69,86.62,0.6518,-0.4619,-0.5241,-0.2952,8.93,-4.02,0.23
7.58,48.69,65.69,86.56,0.6519,-0.4618,-0.5239,-0.2953,8.93,-4.02,0.24
7.60,48.75,65.69,86.56,0.6519,-0.4618,-0.5239,-0.2955,8.94,-4.02,0.23
7.63,48.75,65.69,86.62,0.6516,-0.4620,-0.5242,-0.2954,8.94,-4.02,0.23
7.65,48.75,65.69,86.75,0.6513,-0.4621,-0.5244,-0.2953,8.94,-4.02,0.22
7.67,48.75,65.69,86.81,0.6512,-0.4621,-0.5245,-0.2953,8.94,-4.02,0.22
7.70,48.75,65.69,86.75,0.6514,-0.4620,-0.5245,-0.2953,8.93,-4.02,0.22
7.72,48.75,65.69,86.69,0.6516,-0.4619,-0.5244,-0.2953,8.93,-4.02,0.22
7.74,48.75,65.69,86.62,0.6517,-0.4617,-0.5242,-0.2955,8.93,-4.02,0.23
7.77,48.75,65.69,86.62,0.6517,-0.4617,-0.5242,-0.2955,8.93,-4.02,0.23
7.79,48.75,65.69,86.69,0.6515,-0.4618,-0.5244,-0.2955,8.94,-4.02,0.23
7.81,48.75,65.69,86.75,0.6514,-0.4619,-0.5245,-0.2954,8.93,-4.02,0.22
7.84,48.75,65.69,86.81,0.6512,-0.4620,-0.5247,-0.2953,8.93,-4.02,0.22
7.86,48.75,65.69,86.81,0.6512,-0.4620,-0.5247,-0.2953,8.93,-4.02,0.22
7.89,48.75,65.69,86.81,0.6513,-0.4619,-0.5246,-0.2954,8.93,-4.02,0.22
7.91,48.75,65.69,86.69,0.6515,-0.4617,-0.5244,-0.2955,8.93,-4.02,0.23
7.93,48.75,65.69,86.62,0.6516,-0.4616,-0.5244,-0.2956,8.93,-4.02,0.23
7.95,48.81,65.69,86.69,0.6515,-0.4617,-0.5244,-0.2957,8.94,-4.02,0.22
7.98,48.81,65.69,86.81,0.6511,-0.4619,-0.5248,-0.2956,8.94,-4.02,0.22
8.00,48.81,65.69,86.94,0.6509,-0.4620,-0.5250,-0.2955,8.94,-4.02,0.21
8.03,48.81,65.69,86.94,0.6509,-0.4620,-0.5250,-0.2955,8.94,-4.02,0.21
8.05,48.81,65.69,86.81,0.6512,-0.4619,-0.5247,-0.2955,8.94,-4.02,0.22
8.07,48.81,65.69,86.69,0.6514,-0.4617,-0.5245,-0.2956,8.94,-4.02,0.22
8.10,48.81,65.69,86.69,0.6514,-0.4617,-0.5245,-0.2957,8.94,-4.02,0.22
8.12,48.88,65.75,86.81,0.6509,-0.4620,-0.5247,-0.2959,8.94,-4.01,0.21
8.14,48.88,65.75,86.87,0.6507,-0.4622,-0.5248,-0.2960,8.94,-4.01,0.21
8.16,48.81,65.75,86.87,0.6509,-0.4620,-0.5248,-0.2957,8.94,-4.02,0.21
8.19,48.81,65.69,86.75,0.6512,-0.4618,-0.5247,-0.2955,8.93,-4.02,0.22
8.21,48.81,65.69,86.69,0.6514,-0.4617,-0.5245,-0.2957,8.93,-4.02,0.22
8.24,48.81,65.75,86.81,0.6508,-0.4621,-0.5249,-0.2958,8.94,-4.01,0.21
8.26,48.88,65.75,87.06,0.6504,-0.4623,-0.5251,-0.2957,8.94,-4.01,0.20
8.28,48.88,65.75,87.06,0.6503,-0.4624,-0.5253,-0.2955,8.94,-4.01,0.20
8.31,48.88,65.75,87.06,0.6505,-0.4622,-0.5252,-0.2957,8.94,-4.01,0.20
8.33,48.88,65.75,86.87,0.6510,-0.4619,-0.5247,-0.2959,8.94,-4.01,0.22
8.35,48.88,65.75,86.69,0.6512,-0.4616,-0.5245,-0.2961,8.94,-4.01,0.23
8.38,48.88,65.75,86.69,0.6511,-0.4617,-0.5246,-0.2961,8.94,-4.01,0.22
8.40,48.94,65.75,86.94,0.6506,-0.4620,-0.5250,-0.2961,8.94,-4.01,0.21
8.42,48.94,65.75,87.06,0.6502,-0.4622,-0.5253,-0.2960,8.94,-4.01,0.20
8.45,48.94,65.75,87.12,0.6501,-0.4622,-0.5255,-0.2959,8.94,-4.02,0.20
8.47,48.88,65.69,87.06,0.6505,-0.4620,-0.5254,-0.2957,8.94,-4.02,0.20
8.49,48.88,65.75,86.94,0.6507,-0.4619,-0.5251,-0.2959,8.94,-4.02,0.21
8.51,48.94,65.75,86.81,0.6508,-0.4617,-0.5249,-0.2962,8.94,-4.01,0.22
8.54,48.94,65.75,86.87,0.6506,-0.4619,-0.5250,-0.2962,8.94,-4.01,0.21
8.56,48.94,65.75,87.00,0.6503,-0.4621,-0.5253,-0.2961,8.94,-4.01,0.20
8.59,48.94,65.75,87.06,0.6501,-0.4622,-0.5254,-0.2961,8.94,-4.01,0.20
8.61,48.94,65.75,87.00,0.6503,-0.4621,-0.5253,-0.2961,8.94,-4.01,0.20
8.63,48.94,65.75,87.00,0.6503,-0.4620,-0.5253,-0.2962,8.94,-4.01,0.20
8.66,48.94,65.75,87.00,0.6503,-0.4620,-0.5253,-0.2962,8.94,-4.01,0.20
8.68,48.94,65.75,87.00,0.6501,-0.4620,-0.5254,-0.2962,8.94,-4.01,0.20
8.71,49.00,65.75,87.12,0.6499,-0.4622,-0.5256,-0.2962,8.94,-4.01,0.19
8.73,49.00,65.81,87.25,0.6497,-0.4623,-0.5258,-0.2963,8.94,-4.01,0.19
8.75,48.94,65.75,87.12,0.6499,-0.4622,-0.5257,-0.2961,8.94,-4.01,0.19
8.78,48.94,65.75,87.00,0.6503,-0.4619,-0.5255,-0.2962,8.94,-4.01,0.20
8.80,48.94,65.75,86.94,0.6505,-0.4617,-0.5253,-0.2963,8.94,-4.01,0.21
8.82,48.94,65.75,86.94,0.6504,-0.4618,-0.5253,-0.2963,8.94,-4.01,0.21
8.84,49.00,65.75,87.06,0.6500,-0.4620,-0.5256,-0.2963,8.94,-4.01,0.20
8.87,49.00,65.75,87.25,0.6495,-0.4623,-0.5260,-0.2961,8.94,-4.01,0.18
8.89,49.00,65.75,87.37,0.6494,-0.4625,-0.5262,-0.2961,8.94,-4.01,0.18
8.91,49.00,65.75,87.31,0.6495,-0.4623,-0.5261,-0.2962,8.94,-4.01,0.18
8.94,48.94,65.75,87.12,0.6500,-0.4620,-0.5258,-0.2962,8.94,-4.01,0.19
8.96,49.00,65.75,87.00,0.6503,-0.4617,-0.5253,-0.2965,8.94,-4.01,0.21
8.98,49.00,65.81,86.94,0.6503,-0.4617,-0.5253,-0.2968,8.94,-4.01,0.21
9.00,49.06,65.81,87.00,0.6500,-0.4619,-0.5255,-0.2968,8.94,-4.01,0.20
9.03,49.06,65.81,87.19,0.6495,-0.4622,-0.5259,-0.2966,8.94,-4.01,0.18
9.05,49.00,65.81,87.31,0.6494,-0.4623,-0.5261,-0.2963,8.94,-4.01,0.18
9.08,49.00,65.75,87.31,0.6495,-0.4622,-0.5261,-0.2963,8.94,-4.01,0.18
9.10,49.00,65.75,87.06,0.6500,-0.4618,-0.5258,-0.2964,8.94,-4.01,0.20
9.12,49.00,65.75,87.00,0.6501,-0.4617,-0.5255,-0.2967,8.94,-4.01,0.21
9.14,49.06,65.81,86.94,0.6501,-0.4617,-0.5254,-0.2969,8.94,-4.01,0.21
9.17,49.13,65.81,87.00,0.6498,-0.4619,-0.5255,-0.2971,8.94,-4.00,0.20
9.19,49.13,65.81,87.12,0.6494,-0.4622,-0.5258,-0.2971,8.95,-4.00,0.19
9.22,49.13,65.81,87.19,0.6494,-0.4622,-0.5258,-0.2969,8.94,-4.00,0.19
9.24,49.06,65.81,87.12,0.6497,-0.4620,-0.5257,-0.2968,8.94,-4.00,0.20
9.26,49.06,65.81,87.06,0.6498,-0.4619,-0.5256,-0.2969,8.94,-4.00,0.20
9.28,49.06,65.81,87.06,0.6498,-0.4619,-0.5256,-0.2969,8.94,-4.00,0.20
9.31,49.06,65.81,87.06,0.6498,-0.4619,-0.5256,-0.2970,8.94,-4.00,0.20
9.33,49.13,65.81,87.12,0.6495,-0.4620,-0.5258,-0.2971,8.94,-4.00,0.19
9.35,49.13,65.81,87.12,0.6495,-0.4620,-0.5258,-0.2971,8.94,-4.00,0.19
9.38,49.13,65.81,87.06,0.6497,-0.4619,-0.5257,-0.2971,8.94,-4.00,0.20
9.40,49.13,65.81,87.00,0.6498,-0.4617,-0.5256,-0.2971,8.94,-4.00,0.20
9.42,49.13,65.81,87.00,0.6498,-0.4617,-0.5256,-0.2971,8.94,-4.00,0.20
9.45,49.13,65.81,87.00,0.6498,-0.4617,-0.5256,-0.2971,8.94,-4.00,0.20
9.47,49.13,65.81,87.12,0.6495,-0.4619,-0.5258,-0.2972,8.94,-4.00,0.19
9.49,49.19,65.81,87.12,0.6494,-0.4620,-0.5258,-0.2972,8.94,-4.00,0.19
9.52,49.19,65.81,87.12,0.6495,-0.4619,-0.5258,-0.2973,8.94,-4.00,0.19
9.54,49.13,65.81,87.00,0.6498,-0.4617,-0.5256,-0.2971,8.94,-4.00,0.20
9.57,49.13,65.81,87.00,0.6499,-0.4616,-0.5256,-0.2972,8.94,-4.00,0.20
9.59,49.13,65.81,87.00,0.6498,-0.4617,-0.5256,-0.2972,8.94,-4.00,0.20
9.61,49.19,65.81,87.12,0.6495,-0.4619,-0.5258,-0.2973,8.94,-4.00,0.20
9.63,49.19,65.81,87.12,0.6494,-0.4619,-0.5258,-0.2974,8.94,-4.00,0.19
9.66,49.19,65.81,87.06,0.6495,-0.4618,-0.5258,-0.2974,8.94,-4.00,0.20
9.68,49.19,65.81,87.00,0.6498,-0.4616,-0.5255,-0.2975,8.94,-4.00,0.21
9.70,49.19,65.81,86.87,0.6500,-0.4615,-0.5253,-0.2975,8.94,-4.00,0.21
9.73,49.19,65.81,86.94,0.6499,-0.4615,-0.5254,-0.2975,8.95,-4.00,0.20
9.75,49.19,65.87,87.12,0.6493,-0.4619,-0.5258,-0.2976,8.95,-4.00,0.19
9.77,49.19,65.87,87.19,0.6492,-0.4620,-0.5259,-0.2975,8.95,-4.00,0.19
9.80,49.19,65.87,87.12,0.6494,-0.4619,-0.5258,-0.2975,8.95,-4.00,0.19
9.82,49.19,65.87,86.94,0.6497,-0.4617,-0.5255,-0.2977,8.95,-4.00,0.21
9.84,49.19,65.87,86.75,0.6501,-0.4614,-0.5251,-0.2979,8.95,-3.99,0.22
9.86,49.25,65.87,86.75,0.6500,-0.4614,-0.5251,-0.2981,8.95,-3.99,0.22
9.89,49.25,65.87,86.94,0.6495,-0.4617,-0.5254,-0.2982,8.95,-3.99,0.21
9.91,49.25,65.87,87.12,0.6489,-0.4622,-0.5259,-0.2979,8.95,-3.99,0.19
9.93,49.31,65.94,87.37,0.6486,-0.4624,-0.5262,-0.2977,8.95,-3.99,0.18
9.96,49.31,65.87,87.37,0.6486,-0.4622,-0.5263,-0.2979,8.95,-3.99,0.18
9.98,49.25,65.87,87.19,0.6490,-0.4620,-0.5260,-0.2979,8.95,-3.99,0.20
10.00,49.31,65.87,86.94,0.6494,-0.4616,-0.5255,-0.2982,8.95,-3.99,0.21
10.03,49.31,65.94,86.87,0.6495,-0.4615,-0.5253,-0.2985,8.95,-3.99,0.21
10.05,49.38,65.94,86.87,0.6494,-0.4616,-0.5253,-0.2987,8.95,-3.98,0.21
10.07,49.38,65.94,87.06,0.6488,-0.4620,-0.5258,-0.2986,8.95,-3.98,0.19
10.09,49.38,65.94,87.25,0.6487,-0.4621,-0.5261,-0.2982,8.95,-3.98,0.19
10.12,49.31,65.87,87.25,0.6487,-0.4621,-0.5262,-0.2980,8.95,-3.99,0.18
10.14,49.31,65.87,87.19,0.6489,-0.4620,-0.5261,-0.2980,8.95,-3.99,0.19
10.16,49.31,65.94,87.06,0.6492,-0.4617,-0.5256,-0.2985,8.95,-3.98,0.20
10.18,49.38,65.94,86.87,0.6495,-0.4615,-0.5253,-0.2988,8.95,-3.98,0.21
10.21,49.38,65.94,86.87,0.6494,-0.4616,-0.5252,-0.2990,8.95,-3.98,0.21
10.23,49.38,65.94,87.06,0.6489,-0.4618,-0.5258,-0.2986,8.95,-3.98,0.20
10.26,49.31,65.94,87.25,0.6487,-0.4619,-0.5261,-0.2982,8.95,-3.99,0.19
10.28,49.31,65.87,87.25,0.6487,-0.4620,-0.5262,-0.2980,8.95,-3.99,0.18
10.30,49.31,65.87,87.06,0.6491,-0.4617,-0.5259,-0.2982,8.95,-3.99,0.20
10.32,49.38,65.94,86.81,0.6495,-0.4614,-0.5253,-0.2988,8.95,-3.98,0.21
10.35,49.38,65.94,86.75,0.6495,-0.4614,-0.5251,-0.2990,8.95,-3.98,0.22
10.37,49.38,65.94,86.87,0.6494,-0.4615,-0.5253,-0.2989,8.95,-3.98,0.21
10.39,49.44,65.94,87.12,0.6488,-0.4619,-0.5259,-0.2986,8.95,-3.98,0.19
10.42,49.38,65.94,87.19,0.6486,-0.4619,-0.5261,-0.2984,8.95,-3.99,0.19
10.44,49.31,65.87,87.12,0.6489,-0.4617,-0.5261,-0.2982,8.95,-3.99,0.19
10.46,49.31,65.87,87.00,0.6493,-0.4615,-0.5258,-0.2983,8.95,-3.99,0.21
10.48,49.38,65.94,86.81,0.6495,-0.4614,-0.5253,-0.2989,8.95,-3.98,0.21
10.51,49.44,66.00,86.81,0.6493,-0.4615,-0.5253,-0.2992,8.95,-3.98,0.21
10.53,49.50,66.00,86.94,0.6490,-0.4617,-0.5255,-0.2993,8.96,-3.97,0.20
10.55,49.44,66.00,87.06,0.6488,-0.4619,-0.5257,-0.2990,8.95,-3.98,0.20
10.58,49.44,65.94,87.06,0.6489,-0.4617,-0.5258,-0.2988,8.95,-3.98,0.20
10.60,49.38,65.94,87.00,0.6491,-0.4615,-0.5258,-0.2985,8.95,-3.99,0.20
10.62,49.38,65.87,86.87,0.6494,-0.4614,-0.5256,-0.2986,8.95,-3.99,0.21
10.64,49.44,65.94,86.81,0.6495,-0.4614,-0.5252,-0.2992,8.95,-3.98,0.22
10.67,49.50,66.00,86.81,0.6493,-0.4615,-0.5251,-0.2994,8.96,-3.97,0.22
10.69,49.50,66.00,86.81,0.6491,-0.4615,-0.5253,-0.2995,8.96,-3.97,0.21
10.71,49.50,66.00,86.94,0.6489,-0.4617,-0.5256,-0.2992,8.96,-3.98,0.20
10.74,49.44,65.94,87.06,0.6489,-0.4617,-0.5259,-0.2988,8.95,-3.98,0.20
10.76,49.38,65.94,87.06,0.6489,-0.4617,-0.5259,-0.2986,8.95,-3.98,0.20
10.78,49.44,65.94,87.06,0.6490,-0.4615,-0.5259,-0.2988,8.95,-3.98,0.20
10.81,49.44,66.00,86.87,0.6492,-0.4614,-0.5254,-0.2993,8.95,-3.98,0.21
10.83,49.50,66.00,86.75,0.6493,-0.4614,-0.5252,-0.2996,8.96,-3.97,0.22
10.85,49.50,66.00,86.75,0.6492,-0.4614,-0.5252,-0.2996,8.96,-3.97,0.22
10.88,49.50,66.00,86.87,0.6492,-0.4615,-0.5254,-0.2993,8.95,-3.98,0.21
10.90,49.44,65.94,86.94,0.6490,-0.4615,-0.5256,-0.2990,8.95,-3.98,0.20
10.92,49.44,65.94,87.00,0.6490,-0.4616,-0.5257,-0.2989,8.95,-3.98,0.20
10.94,49.44,65.94,86.94,0.6491,-0.4615,-0.5256,-0.2991,8.95,-3.98,0.21
10.97,49.50,66.00,86.87,0.6492,-0.4614,-0.5255,-0.2993,8.95,-3.98,0.21
10.99,49.50,66.00,86.87,0.6492,-0.4615,-0.5253,-0.2994,8.96,-3.97,0.21
11.01,49.50,66.00,86.87,0.6491,-0.4615,-0.5254,-0.2994,8.96,-3.97,0.21
11.04,49.44,66.00,86.94,0.6490,-0.4616,-0.5255,-0.2992,8.95,-3.98,0.21
11.06,49.44,65.94,87.00,0.6490,-0.4617,-0.5256,-0.2990,8.95,-3.98,0.20
11.09,49.44,65.94,87.00,0.6490,-0.4617,-0.5256,-0.2990,8.95,-3.98,0.20
11.11,49.44,65.94,86.94,0.6491,-0.4615,-0.5255,-0.2991,8.95,-3.98,0.21
11.13,49.44,65.94,86.81,0.6493,-0.4614,-0.5254,-0.2991,8.95,-3.98,0.21
11.15,49.44,65.94,86.81,0.6494,-0.4613,-0.5253,-0.2993,8.95,-3.98,0.22
11.18,49.44,65.94,86.81,0.6494,-0.4613,-0.5253,-0.2992,8.95,-3.98,0.21
11.20,49.44,65.94,86.94,0.6491,-0.4615,-0.5256,-0.2991,8.95,-3.98,0.21
11.22,49.44,65.94,87.00,0.6488,-0.4617,-0.5258,-0.2990,8.95,-3.98,0.20
11.25,49.44,66.00,87.06,0.6488,-0.4618,-0.5258,-0.2990,8.95,-3.98,0.20
11.27,49.44,65.94,87.00,0.6489,-0.4617,-0.5257,-0.2990,8.95,-3.98,0.20
11.29,49.50,66.00,86.94,0.6490,-0.4616,-0.5255,-0.2992,8.96,-3.97,0.21
11.32,49.50,66.00,86.94,0.6490,-0.4616,-0.5255,-0.2994,8.96,-3.97,0.21
11.34,49.50,66.00,86.94,0.6490,-0.4616,-0.5255,-0.2993,8.96,-3.97,0.21
11.36,49.44,66.00,87.00,0.6489,-0.4616,-0.5256,-0.2991,8.95,-3.98,0.20
11.39,49.44,65.94,87.06,0.6488,-0.4618,-0.5258,-0.2989,8.95,-3.98,0.20
11.41,49.44,65.94,87.06,0.6488,-0.4618,-0.5258,-0.2989,8.95,-3.98,0.20
11.43,49.44,66.00,87.06,0.6488,-0.4618,-0.5258,-0.2990,8.95,-3.98,0.20
11.46,49.50,66.00,87.00,0.6488,-0.4618,-0.5256,-0.2993,8.96,-3.97,0.20
11.48,49.50,66.00,87.00,0.6488,-0.4618,-0.5256,-0.2993,8.96,-3.97,0.20
11.50,49.50,66.00,87.00,0.6488,-0.4618,-0.5256,-0.2993,8.96,-3.97,0.20
11.53,49.44,66.00,87.06,0.6487,-0.4619,-0.5257,-0.2991,8.96,-3.97,0.20
11.55,49.44,66.00,87.12,0.6487,-0.4619,-0.5259,-0.2988,8.95,-3.98,0.19
11.58,49.44,66.00,87.12,0.6486,-0.4620,-0.5259,-0.2988,8.95,-3.98,0.19
11.60,49.50,66.00,87.19,0.6485,-0.4621,-0.5259,-0.2990,8.96,-3.97,0.19
11.62,49.50,66.00,87.19,0.6485,-0.4621,-0.5258,-0.2990,8.96,-3.97,0.19
11.64,49.50,66.00,87.12,0.6485,-0.4621,-0.5258,-0.2991,8.96,-3.97,0.19
11.67,49.44,66.00,87.12,0.6487,-0.4619,-0.5257,-0.2990,8.96,-3.98,0.20
11.69,49.44,66.00,87.06,0.6487,-0.4619,-0.5258,-0.2990,8.95,-3.98,0.20
11.71,49.44,66.00,87.12,0.6487,-0.4619,-0.5258,-0.2989,8.95,-3.98,0.19
11.74,49.44,66.00,87.19,0.6486,-0.4620,-0.5259,-0.2988,8.95,-3.98,0.19
11.76,49.44,66.00,87.19,0.6486,-0.4621,-0.5259,-0.2988,8.95,-3.98,0.19
11.78,49.44,66.00,87.19,0.6485,-0.4621,-0.5259,-0.2988,8.96,-3.98,0.19
11.81,49.44,66.00,87.19,0.6485,-0.4621,-0.5259,-0.2988,8.96,-3.98,0.19
11.83,49.44,66.00,87.19,0.6485,-0.4621,-0.5259,-0.2988,8.96,-3.98,0.19
11.86,49.44,66.00,87.19,0.6485,-0.4621,-0.5259,-0.2988,8.96,-3.98,0.19
11.88,49.44,66.00,87.19,0.6485,-0.4622,-0.5259,-0.2988,8.96,-3.98,0.19
11.90,49.44,66.00,87.19,0.6485,-0.4622,-0.5259,-0.2988,8.96,-3.98,0.19
11.92,49.44,66.00,87.19,0.6485,-0.4622,-0.5259,-0.2988,8.96,-3.98,0.19
11.95,49.44,66.00,87.19,0.6485,-0.4622,-0.5259,-0.2988,8.96,-3.98,0.19
11.97,49.44,66.00,87.19,0.6485,-0.4622,-0.5259,-0.2988,8.96,-3.98,0.19
11.99,49.44,66.00,87.19,0.6485,-0.4622,-0.5259,-0.2988,8.96,-3.98,0.19
12.02,49.44,66.00,87.25,0.6484,-0.4622,-0.5260,-0.2988,8.96,-3.98,0.19
12.04,49.44,66.00,87.25,0.6484,-0.4622,-0.5260,-0.2988,8.96,-3.98,0.19
12.06,49.44,66.00,87.25,0.6484,-0.4622,-0.5260,-0.2988,8.96,-3.98,0.19
12.09,49.44,66.00,87.19,0.6484,-0.4622,-0.5259,-0.2988,8.96,-3.98,0.19
12.11,49.44,66.00,87.19,0.6484,-0.4622,-0.5259,-0.2988,8.96,-3.98,0.19
12.13,49.44,66.00,87.19,0.6484,-0.4622,-0.5259,-0.2988,8.96,-3.98,0.19
12.15,49.44,66.00,87.25,0.6484,-0.4622,-0.5260,-0.2988,8.96,-3.98,0.18
12.18,49.44,66.00,87.25,0.6483,-0.4623,-0.5260,-0.2987,8.96,-3.98,0.18
12.20,49.44,66.00,87.25,0.6483,-0.4623,-0.5260,-0.2987,8.96,-3.98,0.18
12.23,49.44,66.00,87.25,0.6484,-0.4623,-0.5260,-0.2988,8.96,-3.98,0.18
12.25,49.44,66.00,87.25,0.6484,-0.4623,-0.5259,-0.2988,8.96,-3.97,0.18
12.27,49.44,66.00,87.25,0.6484,-0.4623,-0.5259,-0.2988,8.96,-3.97,0.18
12.29,49.44,66.00,87.25,0.6484,-0.4622,-0.5260,-0.2988,8.96,-3.98,0.18
12.32,49.44,65.94,87.25,0.6485,-0.4621,-0.5261,-0.2986,8.95,-3.98,0.18
12.35,49.44,66.00,87.25,0.6483,-0.4622,-0.5261,-0.2988,8.95,-3.98,0.18
12.38,49.44,66.00,87.25,0.6483,-0.4622,-0.5261,-0.2988,8.96,-3.98,0.18
12.40,49.44,66.00,87.25,0.6483,-0.4622,-0.5261,-0.2988,8.96,-3.98,0.18
12.43,49.44,66.00,87.25,0.6483,-0.4622,-0.5261,-0.2988,8.96,-3.98,0.18
12.45,49.44,66.00,87.25,0.6483,-0.4622,-0.5261,-0.2988,8.96,-3.98,0.18
12.48,49.44,66.00,87.31,0.6483,-0.4623,-0.5261,-0.2988,8.96,-3.98,0.18
12.50,49.44,66.00,87.37,0.6481,-0.4623,-0.5263,-0.2987,8.96,-3.98,0.18
12.53,49.44,66.00,87.37,0.6480,-0.4623,-0.5264,-0.2987,8.96,-3.98,0.17
12.56,49.44,66.00,87.31,0.6481,-0.4623,-0.5263,-0.2988,8.96,-3.98,0.18
12.58,49.44,66.00,87.31,0.6482,-0.4623,-0.5262,-0.2988,8.96,-3.98,0.18
12.61,49.44,66.00,87.31,0.6481,-0.4623,-0.5262,-0.2988,8.96,-3.98,0.18
12.63,49.44,66.00,87.37,0.6480,-0.4624,-0.5264,-0.2987,8.96,-3.98,0.17
12.66,49.50,66.00,87.44,0.6479,-0.4624,-0.5264,-0.2987,8.96,-3.98,0.17
12.68,49.50,66.00,87.44,0.6479,-0.4624,-0.5264,-0.2987,8.96,-3.98,0.17
12.71,49.50,66.00,87.44,0.6479,-0.4624,-0.5264,-0.2987,8.96,-3.98,0.17
12.74,49.50,66.00,87.44,0.6479,-0.4624,-0.5264,-0.2987,8.96,-3.98,0.17
12.76,49.44,66.00,87.44,0.6479,-0.4624,-0.5264,-0.2987,8.96,-3.98,0.17
12.79,49.44,66.00,87.44,0.6478,-0.4625,-0.5265,-0.2986,8.96,-3.98,0.17
12.81,49.44,66.00,87.44,0.6478,-0.4625,-0.5265,-0.2986,8.96,-3.98,0.17
12.84,49.44,66.00,87.44,0.6478,-0.4625,-0.5265,-0.2986,8.96,-3.98,0.17
12.86,49.44,66.00,87.44,0.6478,-0.4625,-0.5265,-0.2986,8.96,-3.98,0.17
12.89,49.44,66.00,87.44,0.6478,-0.4625,-0.5265,-0.2986,8.96,-3.98,0.17
12.92,49.44,66.00,87.44,0.6478,-0.4625,-0.5265,-0.2986,8.96,-3.98,0.17
12.94,49.44,66.00,87.44,0.6478,-0.4625,-0.5265,-0.2986,8.96,-3.98,0.17
12.97,49.44,66.00,87.50,0.6478,-0.4626,-0.5266,-0.2986,8.96,-3.98,0.17
12.99,49.44,66.00,87.50,0.6478,-0.4626,-0.5266,-0.2986,8.96,-3.98,0.17
13.02,49.44,66.00,87.50,0.6478,-0.4626,-0.5266,-0.2986,8.96,-3.98,0.17
13.04,49.50,66.00,87.50,0.6478,-0.4625,-0.5266,-0.2986,8.96,-3.98,0.17
13.07,49.50,66.00,87.44,0.6478,-0.4624,-0.5266,-0.2987,8.96,-3.98,0.17
13.09,49.50,66.00,87.37,0.6479,-0.4623,-0.5265,-0.2988,8.96,-3.98,0.17
13.12,49.50,66.00,87.37,0.6479,-0.4623,-0.5265,-0.2988,8.96,-3.98,0.17
13.14,49.50,66.00,87.44,0.6478,-0.4624,-0.5266,-0.2987,8.96,-3.98,0.17
13.17,49.50,66.00,87.50,0.6478,-0.4625,-0.5266,-0.2987,8.96,-3.98,0.17
13.19,49.50,66.00,87.50,0.6478,-0.4625,-0.5266,-0.2987,8.96,-3.98,0.17
13.22,49.50,66.00,87.50,0.6478,-0.4625,-0.5266,-0.2987,8.96,-3.98,0.17
13.24,49.50,66.00,87.50,0.6478,-0.4625,-0.5266,-0.2987,8.96,-3.98,0.17
13.27,49.50,66.00,87.50,0.6476,-0.4625,-0.5267,-0.2986,8.96,-3.98,0.16
13.29,49.50,66.00,87.56,0.6476,-0.4626,-0.5267,-0.2986,8.96,-3.98,0.16
13.32,49.50,66.00,87.56,0.6476,-0.4626,-0.5267,-0.2986,8.96,-3.98,0.16
13.34,49.50,66.00,87.56,0.6476,-0.4626,-0.5267,-0.2986,8.96,-3.98,0.16
13.37,49.50,66.00,87.56,0.6476,-0.4626,-0.5267,-0.2986,8.96,-3.98,0.16
13.39,49.50,66.00,87.56,0.6476,-0.4626,-0.5267,-0.2986,8.96,-3.98,0.16
13.42,49.50,66.00,87.56,0.6476,-0.4626,-0.5267,-0.2986,8.96,-3.98,0.16
13.45,49.50,66.00,87.56,0.6475,-0.4627,-0.5268,-0.2985,8.96,-3.98,0.16
13.47,49.50,66.00,87.62,0.6475,-0.4627,-0.5268,-0.2985,8.96,-3.98,0.16
13.49,50.38,66.62,88.56,0.6428,-0.4656,-0.5276,-0.3027,9.00,-3.88,0.09
13.52,56.00,66.94,96.81,0.6095,-0.4562,-0.5613,-0.3244,9.02,-3.80,-0.45
13.55,52.94,65.12,94.62,0.6220,-0.4500,-0.5608,-0.3100,8.89,-4.10,-0.33
13.57,52.88,63.63,96.06,0.6218,-0.4357,-0.5771,-0.3008,8.71,-4.46,-0.44
13.59,50.00,61.63,95.44,0.6262,-0.4328,-0.5789,-0.2922,8.63,-4.63,-0.44
13.62,50.50,62.25,95.87,0.6240,-0.4370,-0.5771,-0.2944,8.68,-4.53,-0.47
13.65,51.00,63.44,94.44,0.6268,-0.4429,-0.5669,-0.2994,8.77,-4.36,-0.34
13.67,52.25,65.25,91.75,0.6320,-0.4518,-0.5443,-0.3164,8.97,-3.94,0.00
13.69,54.63,67.94,86.37,0.6356,-0.4558,-0.5297,-0.3282,9.09,-3.66,0.22
13.72,55.50,68.81,83.50,0.6384,-0.4562,-0.5211,-0.3359,9.14,-3.50,0.45
13.74,54.75,68.19,82.06,0.6437,-0.4518,-0.5199,-0.3336,9.10,-3.60,0.50
13.77,53.38,66.94,83.25,0.6459,-0.4479,-0.5259,-0.3250,8.98,-3.91,0.36
13.80,53.63,65.81,89.50,0.6321,-0.4443,-0.5485,-0.3197,8.94,-4.01,0.03
13.82,55.50,66.25,94.94,0.6101,-0.4539,-0.5643,-0.3215,8.98,-3.89,-0.47
13.85,57.25,67.37,101.62,0.5961,-0.4636,-0.5690,-0.3254,9.05,-3.69,-0.76
13.87,58.00,68.37,103.75,0.5910,-0.4766,-0.5617,-0.3289,9.14,-3.43,-0.83
13.89,58.06,69.62,101.62,0.5959,-0.4798,-0.5523,-0.3311,9.19,-3.33,-0.69
13.92,54.06,69.06,94.69,0.6205,-0.4813,-0.5320,-0.3167,9.16,-3.48,-0.23
13.94,54.69,68.31,89.25,0.6294,-0.4630,-0.5324,-0.3257,9.11,-3.61,0.04
13.97,52.75,67.00,84.56,0.6458,-0.4484,-0.5285,-0.3203,8.99,-3.87,0.38
14.00,53.19,66.06,86.25,0.6404,-0.4440,-0.5382,-0.3210,8.96,-3.96,0.25
14.02,52.94,65.69,85.56,0.6443,-0.4408,-0.5374,-0.3188,8.93,-4.03,0.33
14.05,53.25,65.87,86.31,0.6403,-0.4423,-0.5397,-0.3212,8.95,-3.99,0.25
14.07,53.75,66.44,87.50,0.6361,-0.4469,-0.5402,-0.3224,9.01,-3.86,0.10
14.09,54.69,67.25,89.87,0.6282,-0.4534,-0.5423,-0.3251,9.04,-3.78,0.00
14.12,54.94,67.44,90.81,0.6255,-0.4557,-0.5433,-0.3254,9.05,-3.76,-0.05
14.15,54.94,67.06,91.50,0.6240,-0.4532,-0.5476,-0.3246,9.03,-3.81,-0.10
14.17,55.13,66.12,91.81,0.6236,-0.4384,-0.5608,-0.3232,8.91,-4.08,-0.13
14.20,56.00,63.88,94.50,0.6133,-0.4227,-0.5820,-0.3262,8.80,-4.29,-0.34
14.22,55.38,62.06,96.37,0.6090,-0.4083,-0.6028,-0.3147,8.59,-4.67,-0.58
14.25,55.44,60.38,100.12,0.5980,-0.4020,-0.6180,-0.3145,8.52,-4.76,-0.85
14.27,53.81,60.13,98.06,0.6080,-0.4034,-0.6102,-0.3087,8.51,-4.82,-0.59
14.30,55.25,61.56,96.87,0.6083,-0.4078,-0.6019,-0.3184,8.62,-4.63,-0.56
14.32,56.75,63.00,96.12,0.6066,-0.4147,-0.5917,-0.3315,8.78,-4.34,-0.43
14.35,58.50,64.37,95.12,0.6047,-0.4158,-0.5887,-0.3389,8.84,-4.21,-0.38
14.37,59.44,64.75,94.44,0.6068,-0.4122,-0.5879,-0.3409,8.83,-4.24,-0.30
14.40,58.31,63.38,95.25,0.6046,-0.4070,-0.5957,-0.3375,8.76,-4.37,-0.40
14.42,56.69,62.13,96.06,0.6067,-0.4045,-0.6009,-0.3273,8.63,-4.61,-0.57
14.45,55.88,60.94,99.19,0.6000,-0.4036,-0.6131,-0.3182,8.57,-4.69,-0.76
14.47,55.50,60.75,100.75,0.5964,-0.4068,-0.6166,-0.3141,8.56,-4.67,-0.96
14.50,56.44,61.38,102.62,0.5892,-0.4130,-0.6181,-0.3166,8.61,-4.57,-1.03
14.52,57.00,62.13,102.44,0.5912,-0.4178,-0.6103,-0.3217,8.69,-4.43,-0.92
14.55,56.56,62.94,99.00,0.6000,-0.4197,-0.5996,-0.3229,8.73,-4.39,-0.69
14.57,56.00,63.44,95.75,0.6144,-0.4198,-0.5832,-0.3259,8.78,-4.34,-0.32
14.60,55.56,63.88,91.31,0.6222,-0.4191,-0.5740,-0.3281,8.80,-4.30,-0.10
14.62,55.81,64.19,89.75,0.6254,-0.4182,-0.5694,-0.3314,8.83,-4.24,0.03
14.65,56.31,64.19,89.69,0.6241,-0.4160,-0.5708,-0.3341,8.83,-4.26,0.02
14.67,55.81,63.88,89.94,0.6245,-0.4152,-0.5737,-0.3295,8.79,-4.34,-0.02
14.70,55.25,63.44,91.56,0.6225,-0.4164,-0.5768,-0.3260,8.77,-4.37,-0.12
14.72,54.88,63.44,92.81,0.6190,-0.4230,-0.5786,-0.3213,8.78,-4.35,-0.26
14.75,54.56,63.69,93.31,0.6202,-0.4255,-0.5759,-0.3202,8.79,-4.33,-0.25
14.77,54.69,64.00,92.56,0.6218,-0.4269,-0.5723,-0.3218,8.83,-4.24,-0.14
